INSERT INTO DiscordUser (Id) VALUES
('159371527115112448'),
('Vasile'),
('Toto'),
('150963749140824064'),
('85106441727266816'),
('David'),
('578856013612974091'),
('Marc'),
('Rafael'),
('Nicolas'),
('340556805090443264'),
('653594627097493524'),
('Alxiang'),
('Veronique'),
('Omar'),
('273192430172372993'),
('194515699434127361'),
('Eythan'),
('198974501709414401'),
('672083306103308298'),
('Remi'),
('270943952969007105'),
('396784421899862016'),
('Romain'),
('Matteus'),
('232938899574489098'),
('907793366132088842'),
('711633694422597722'),
('Clement'),
('142754651673067520'),
('181826452545732608'),
('997944871966998578'),
('135086552907907072'),
('Kevin'),
('Zoe'),
('Bogdan'),
('Adeline'),
('Chaolei'),
('171745289764339712'),
('Antoine'),
('Olivier'),
('711543515594752064'),
('Nehuen'),
('Aurelien'),
('Younes'),
('330124856194760704'),
('921124743036403842'),
('Jerome'),
('Alfredo') ON CONFLICT DO NOTHING;
INSERT INTO ServerUser (userId, serverId, isAdmin) VALUES
('159371527115112448','665504390181945344',false),
('Vasile','665504390181945344',false),
('Toto','665504390181945344',false),
('150963749140824064','665504390181945344',false),
('85106441727266816','665504390181945344',false),
('David','665504390181945344',false),
('578856013612974091','665504390181945344',false),
('Marc','665504390181945344',false),
('Rafael','665504390181945344',false),
('Nicolas','665504390181945344',false),
('340556805090443264','665504390181945344',false),
('653594627097493524','665504390181945344',false),
('Alxiang','665504390181945344',false),
('Veronique','665504390181945344',false),
('Omar','665504390181945344',false),
('273192430172372993','665504390181945344',false),
('194515699434127361','665504390181945344',false),
('Eythan','665504390181945344',false),
('198974501709414401','665504390181945344',false),
('672083306103308298','665504390181945344',false),
('Remi','665504390181945344',false),
('270943952969007105','665504390181945344',false),
('396784421899862016','665504390181945344',false),
('Romain','665504390181945344',false),
('Matteus','665504390181945344',false),
('232938899574489098','665504390181945344',false),
('907793366132088842','665504390181945344',false),
('711633694422597722','665504390181945344',false),
('Clement','665504390181945344',false),
('142754651673067520','665504390181945344',false),
('181826452545732608','665504390181945344',false),
('997944871966998578','665504390181945344',false),
('135086552907907072','665504390181945344',false),
('Kevin','665504390181945344',false),
('Zoe','665504390181945344',false),
('Bogdan','665504390181945344',false),
('Adeline','665504390181945344',false),
('Chaolei','665504390181945344',false),
('171745289764339712','665504390181945344',false),
('Antoine','665504390181945344',false),
('Olivier','665504390181945344',false),
('711543515594752064','665504390181945344',false),
('Nehuen','665504390181945344',false),
('Aurelien','665504390181945344',false),
('Younes','665504390181945344',false),
('330124856194760704','665504390181945344',false),
('921124743036403842','665504390181945344',false),
('Jerome','665504390181945344',false),
('Alfredo','665504390181945344',false) ON CONFLICT DO NOTHING;
INSERT INTO Game (name,platform,user1Id,user1Score,user2Id,user2Score,user3Id,user3Score,user4Id,user4Score, serverId, timestamp) VALUES
('OldIrlGame0001','IRL','159371527115112448', 36300,'Vasile',32400,'Toto',26000,'150963749140824064',25300,'665504390181945344',to_timestamp('2021-01-01','YYYY-MM-DD')),
('OldIrlGame0002','IRL','Toto', 45400,'Vasile',38400,'150963749140824064',29200,'159371527115112448',7000,'665504390181945344',to_timestamp('2021-01-02','YYYY-MM-DD')),
('OldIrlGame0003','IRL','150963749140824064', 62600,'159371527115112448',24600,'Toto',22800,'Vasile',10000,'665504390181945344',to_timestamp('2021-01-03','YYYY-MM-DD')),
('OldIrlGame0004','IRL','150963749140824064', 45600,'Toto',37300,'159371527115112448',31800,'Vasile',5300,'665504390181945344',to_timestamp('2021-01-04','YYYY-MM-DD')),
('OldIrlGame0005','IRL','85106441727266816', 41700,'Toto',35300,'150963749140824064',30100,'159371527115112448',12900,'665504390181945344',to_timestamp('2021-01-05','YYYY-MM-DD')),
('OldIrlGame0006','IRL','150963749140824064', 50700,'Toto',45500,'159371527115112448',29400,'85106441727266816',-5600,'665504390181945344',to_timestamp('2021-01-06','YYYY-MM-DD')),
('OldIrlGame0007','IRL','Toto', 97700,'159371527115112448',10000,'85106441727266816',8900,'150963749140824064',3400,'665504390181945344',to_timestamp('2021-01-07','YYYY-MM-DD')),
('OldIrlGame0008','IRL','150963749140824064', 40600,'85106441727266816',38200,'Toto',24900,'159371527115112448',16300,'665504390181945344',to_timestamp('2021-01-08','YYYY-MM-DD')),
('OldIrlGame0009','IRL','159371527115112448', 55700,'David',24400,'578856013612974091',22100,'Marc',17800,'665504390181945344',to_timestamp('2021-01-09','YYYY-MM-DD')),
('OldIrlGame0010','IRL','Marc', 41000,'David',36400,'159371527115112448',23000,'578856013612974091',19600,'665504390181945344',to_timestamp('2021-01-10','YYYY-MM-DD')),
('OldIrlGame0011','IRL','David', 39300,'578856013612974091',31800,'Marc',29000,'159371527115112448',19900,'665504390181945344',to_timestamp('2021-01-11','YYYY-MM-DD')),
('OldIrlGame0012','IRL','Toto', 43700,'159371527115112448',34900,'Vasile',24700,'150963749140824064',16700,'665504390181945344',to_timestamp('2021-01-12','YYYY-MM-DD')),
('OldIrlGame0013','IRL','159371527115112448', 58100,'Vasile',31600,'150963749140824064',15900,'Toto',14400,'665504390181945344',to_timestamp('2021-01-13','YYYY-MM-DD')),
('OldIrlGame0014','IRL','159371527115112448', 46800,'150963749140824064',39700,'Toto',24500,'Vasile',9000,'665504390181945344',to_timestamp('2021-01-14','YYYY-MM-DD')),
('OldIrlGame0015','IRL','Vasile', 44100,'150963749140824064',26400,'Toto',25400,'159371527115112448',24100,'665504390181945344',to_timestamp('2021-01-15','YYYY-MM-DD')),
('OldIrlGame0016','IRL','Vasile', 65400,'150963749140824064',30400,'Toto',16100,'159371527115112448',8100,'665504390181945344',to_timestamp('2021-01-16','YYYY-MM-DD')),
('OldIrlGame0017','IRL','Vasile', 58600,'Toto',41500,'159371527115112448',17800,'Rafael',2100,'665504390181945344',to_timestamp('2021-01-17','YYYY-MM-DD')),
('OldIrlGame0018','IRL','Vasile', 42000,'159371527115112448',38800,'Toto',23000,'Rafael',16200,'665504390181945344',to_timestamp('2021-01-18','YYYY-MM-DD')),
('OldIrlGame0019','IRL','Rafael', 63900,'159371527115112448',35000,'Toto',27900,'Vasile',-6800,'665504390181945344',to_timestamp('2021-01-19','YYYY-MM-DD')),
('OldIrlGame0020','IRL','Vasile', 49300,'Toto',33600,'159371527115112448',23700,'Rafael',13400,'665504390181945344',to_timestamp('2021-01-20','YYYY-MM-DD')),
('OldIrlGame0021','IRL','159371527115112448', 50100,'Rafael',33900,'Toto',20700,'Vasile',15300,'665504390181945344',to_timestamp('2021-01-21','YYYY-MM-DD')),
('OldIrlGame0022','IRL','Nicolas', 51000,'159371527115112448',42300,'Vasile',34400,'Toto',-7700,'665504390181945344',to_timestamp('2021-01-22','YYYY-MM-DD')),
('OldIrlGame0023','IRL','Vasile', 39000,'Toto',29900,'Nicolas',27500,'159371527115112448',23600,'665504390181945344',to_timestamp('2021-01-23','YYYY-MM-DD')),
('OldIrlGame0024','IRL','Vasile', 37400,'Toto',34700,'Nicolas',27700,'159371527115112448',20200,'665504390181945344',to_timestamp('2021-01-24','YYYY-MM-DD')),
('OldIrlGame0025','IRL','Nicolas', 42200,'159371527115112448',30300,'Vasile',27300,'Toto',20200,'665504390181945344',to_timestamp('2021-01-25','YYYY-MM-DD')),
('OldIrlGame0026','IRL','159371527115112448', 40300,'Nicolas',28800,'Toto',27200,'Vasile',23700,'665504390181945344',to_timestamp('2021-01-26','YYYY-MM-DD')),
('OldIrlGame0027','IRL','Toto', 33900,'159371527115112448',33600,'Rafael',29100,'Vasile',23400,'665504390181945344',to_timestamp('2021-01-27','YYYY-MM-DD')),
('OldIrlGame0028','IRL','Toto', 61900,'159371527115112448',44700,'Rafael',25000,'Vasile',-11600,'665504390181945344',to_timestamp('2021-01-28','YYYY-MM-DD')),
('OldIrlGame0029','IRL','Toto', 37700,'159371527115112448',31600,'Rafael',31300,'Vasile',19400,'665504390181945344',to_timestamp('2021-01-29','YYYY-MM-DD')),
('OldIrlGame0030','IRL','159371527115112448', 40400,'Toto',39600,'Vasile',20800,'Rafael',19200,'665504390181945344',to_timestamp('2021-01-30','YYYY-MM-DD')),
('OldIrlGame0031','IRL','159371527115112448', 38600,'Vasile',35000,'Toto',23500,'Rafael',22900,'665504390181945344',to_timestamp('2021-01-31','YYYY-MM-DD')),
('OldIrlGame0032','IRL','340556805090443264', 57700,'Vasile',35300,'Toto',17800,'159371527115112448',9200,'665504390181945344',to_timestamp('2021-02-01','YYYY-MM-DD')),
('OldIrlGame0033','IRL','Toto', 43000,'Vasile',29400,'340556805090443264',24900,'159371527115112448',22700,'665504390181945344',to_timestamp('2021-02-02','YYYY-MM-DD')),
('OldIrlGame0034','IRL','Toto', 40200,'159371527115112448',38700,'340556805090443264',28800,'Vasile',12300,'665504390181945344',to_timestamp('2021-02-03','YYYY-MM-DD')),
('OldIrlGame0035','IRL','Vasile', 43400,'159371527115112448',35900,'Toto',24500,'340556805090443264',16200,'665504390181945344',to_timestamp('2021-02-04','YYYY-MM-DD')),
('OldIrlGame0036','IRL','159371527115112448', 47400,'Toto',25400,'85106441727266816',24200,'150963749140824064',23000,'665504390181945344',to_timestamp('2021-02-05','YYYY-MM-DD')),
('OldIrlGame0037','IRL','150963749140824064', 34600,'85106441727266816',30400,'159371527115112448',30100,'Toto',24900,'665504390181945344',to_timestamp('2021-02-06','YYYY-MM-DD')),
('OldIrlGame0038','IRL','150963749140824064', 49800,'85106441727266816',37400,'Toto',19300,'159371527115112448',13500,'665504390181945344',to_timestamp('2021-02-07','YYYY-MM-DD')),
('OldIrlGame0039','IRL','85106441727266816', 48100,'150963749140824064',46600,'Toto',15600,'159371527115112448',9700,'665504390181945344',to_timestamp('2021-02-08','YYYY-MM-DD')),
('OldIrlGame0040','IRL','159371527115112448', 41200,'Toto',37400,'150963749140824064',30800,'85106441727266816',10600,'665504390181945344',to_timestamp('2021-02-09','YYYY-MM-DD')),
('OldIrlGame0041','IRL','85106441727266816', 43500,'653594627097493524',37000,'578856013612974091',26200,'159371527115112448',13300,'665504390181945344',to_timestamp('2021-02-10','YYYY-MM-DD')),
('OldIrlGame0042','IRL','159371527115112448', 78100,'653594627097493524',34600,'85106441727266816',34500,'578856013612974091',-27200,'665504390181945344',to_timestamp('2021-02-11','YYYY-MM-DD')),
('OldIrlGame0043','IRL','85106441727266816', 47200,'159371527115112448',47100,'653594627097493524',12900,'578856013612974091',12800,'665504390181945344',to_timestamp('2021-02-12','YYYY-MM-DD')),
('OldIrlGame0044','IRL','578856013612974091', 58500,'653594627097493524',31000,'159371527115112448',22500,'85106441727266816',8000,'665504390181945344',to_timestamp('2021-02-13','YYYY-MM-DD')),
('OldIrlGame0045','IRL','Toto', 36700,'Vasile',33500,'340556805090443264',32400,'159371527115112448',17400,'665504390181945344',to_timestamp('2021-02-14','YYYY-MM-DD')),
('OldIrlGame0046','IRL','Toto', 47600,'340556805090443264',47600,'Vasile',16900,'159371527115112448',7900,'665504390181945344',to_timestamp('2021-02-15','YYYY-MM-DD')),
('OldIrlGame0047','IRL','Toto', 40300,'Vasile',30200,'340556805090443264',28300,'159371527115112448',21200,'665504390181945344',to_timestamp('2021-02-16','YYYY-MM-DD')),
('OldIrlGame0048','IRL','159371527115112448', 49200,'Vasile',31500,'Toto',29100,'340556805090443264',10200,'665504390181945344',to_timestamp('2021-02-17','YYYY-MM-DD')),
('OldIrlGame0049','IRL','340556805090443264', 51200,'Toto',31400,'159371527115112448',28400,'Vasile',9000,'665504390181945344',to_timestamp('2021-02-18','YYYY-MM-DD')),
('OldIrlGame0050','IRL','159371527115112448', 37200,'Alxiang',32500,'578856013612974091',30700,'Toto',19600,'665504390181945344',to_timestamp('2021-02-19','YYYY-MM-DD')),
('OldIrlGame0051','IRL','578856013612974091', 57100,'159371527115112448',51800,'Alxiang',23400,'Toto',-12300,'665504390181945344',to_timestamp('2021-02-20','YYYY-MM-DD')),
('OldIrlGame0052','IRL','Toto', 60300,'159371527115112448',35700,'578856013612974091',17000,'Alxiang',7000,'665504390181945344',to_timestamp('2021-02-21','YYYY-MM-DD')),
('OldIrlGame0053','IRL','578856013612974091', 44900,'Alxiang',40200,'159371527115112448',24700,'Toto',10200,'665504390181945344',to_timestamp('2021-02-22','YYYY-MM-DD')),
('OldIrlGame0054','IRL','159371527115112448', 40200,'578856013612974091',35100,'Alxiang',29900,'Toto',14800,'665504390181945344',to_timestamp('2021-02-23','YYYY-MM-DD')),
('OldIrlGame0055','IRL','Toto', 46700,'150963749140824064',44500,'159371527115112448',22700,'Veronique',6100,'665504390181945344',to_timestamp('2021-02-24','YYYY-MM-DD')),
('OldIrlGame0056','IRL','Toto', 39000,'150963749140824064',34100,'Veronique',30300,'159371527115112448',16600,'665504390181945344',to_timestamp('2021-02-25','YYYY-MM-DD')),
('OldIrlGame0057','IRL','Veronique', 44900,'Toto',28600,'159371527115112448',24200,'150963749140824064',22300,'665504390181945344',to_timestamp('2021-02-26','YYYY-MM-DD')),
('OldIrlGame0058','IRL','150963749140824064', 44600,'Toto',35000,'Veronique',31600,'159371527115112448',8800,'665504390181945344',to_timestamp('2021-02-27','YYYY-MM-DD')),
('OldIrlGame0059','IRL','150963749140824064', 55400,'Veronique',31000,'159371527115112448',22700,'Toto',10900,'665504390181945344',to_timestamp('2021-02-28','YYYY-MM-DD')),
('OldIrlGame0060','IRL','Toto', 55300,'Omar',23800,'159371527115112448',20900,'Nicolas',20000,'665504390181945344',to_timestamp('2021-03-01','YYYY-MM-DD')),
('OldIrlGame0061','IRL','159371527115112448', 66300,'Omar',21500,'Nicolas',19900,'Toto',12300,'665504390181945344',to_timestamp('2021-03-02','YYYY-MM-DD')),
('OldIrlGame0062','IRL','Omar', 52900,'Toto',40100,'159371527115112448',13800,'Nicolas',13200,'665504390181945344',to_timestamp('2021-03-03','YYYY-MM-DD')),
('OldIrlGame0063','IRL','Omar', 41400,'159371527115112448',33300,'Nicolas',25300,'Toto',20000,'665504390181945344',to_timestamp('2021-03-04','YYYY-MM-DD')),
('OldIrlGame0064','IRL','Nicolas', 46800,'Omar',34200,'159371527115112448',31100,'Toto',7900,'665504390181945344',to_timestamp('2021-03-05','YYYY-MM-DD')),
('OldIrlGame0065','IRL','159371527115112448', 50900,'578856013612974091',28900,'David',21500,'273192430172372993',18700,'665504390181945344',to_timestamp('2021-03-06','YYYY-MM-DD')),
('OldIrlGame0066','IRL','273192430172372993', 54300,'159371527115112448',42500,'David',30700,'578856013612974091',-7500,'665504390181945344',to_timestamp('2021-03-07','YYYY-MM-DD')),
('OldIrlGame0067','IRL','David', 34200,'273192430172372993',31200,'578856013612974091',27900,'159371527115112448',26700,'665504390181945344',to_timestamp('2021-03-08','YYYY-MM-DD')),
('OldIrlGame0068','IRL','578856013612974091', 43800,'273192430172372993',30500,'David',24400,'159371527115112448',21300,'665504390181945344',to_timestamp('2021-03-09','YYYY-MM-DD')),
('OldIrlGame0069','IRL','578856013612974091', 60000,'David',33700,'273192430172372993',18700,'159371527115112448',7600,'665504390181945344',to_timestamp('2021-03-10','YYYY-MM-DD')),
('OldIrlGame0070','IRL','159371527115112448', 37700,'194515699434127361',34900,'David',25000,'273192430172372993',22400,'665504390181945344',to_timestamp('2021-03-11','YYYY-MM-DD')),
('OldIrlGame0071','IRL','159371527115112448', 39900,'David',34800,'194515699434127361',26500,'273192430172372993',18800,'665504390181945344',to_timestamp('2021-03-12','YYYY-MM-DD')),
('OldIrlGame0072','IRL','159371527115112448', 46100,'273192430172372993',31700,'Omar',28900,'653594627097493524',13300,'665504390181945344',to_timestamp('2021-03-13','YYYY-MM-DD')),
('OldIrlGame0073','IRL','273192430172372993', 35200,'653594627097493524',29700,'Omar',28600,'159371527115112448',26500,'665504390181945344',to_timestamp('2021-03-14','YYYY-MM-DD')),
('OldIrlGame0074','IRL','150963749140824064', 49100,'653594627097493524',42800,'David',17700,'159371527115112448',10400,'665504390181945344',to_timestamp('2021-03-15','YYYY-MM-DD')),
('OldIrlGame0075','IRL','David', 59500,'150963749140824064',35100,'653594627097493524',23800,'159371527115112448',1600,'665504390181945344',to_timestamp('2021-03-16','YYYY-MM-DD')),
('OldIrlGame0076','IRL','David', 43800,'653594627097493524',34200,'150963749140824064',27300,'159371527115112448',14700,'665504390181945344',to_timestamp('2021-03-17','YYYY-MM-DD')),
('OldIrlGame0077','IRL','Eythan', 39600,'David',33200,'159371527115112448',26600,'85106441727266816',20600,'665504390181945344',to_timestamp('2021-03-18','YYYY-MM-DD')),
('OldIrlGame0078','IRL','85106441727266816', 50700,'159371527115112448',49000,'Eythan',25400,'David',-5100,'665504390181945344',to_timestamp('2021-03-19','YYYY-MM-DD')),
('OldIrlGame0079','IRL','85106441727266816', 42600,'159371527115112448',35900,'David',30800,'Eythan',10700,'665504390181945344',to_timestamp('2021-03-20','YYYY-MM-DD')),
('OldIrlGame0080','IRL','159371527115112448', 36200,'David',35000,'198974501709414401',30200,'672083306103308298',18600,'665504390181945344',to_timestamp('2021-03-21','YYYY-MM-DD')),
('OldIrlGame0081','IRL','David', 39500,'159371527115112448',39400,'672083306103308298',24500,'198974501709414401',16600,'665504390181945344',to_timestamp('2021-03-22','YYYY-MM-DD')),
('OldIrlGame0082','IRL','159371527115112448', 48600,'198974501709414401',39700,'672083306103308298',23100,'David',8600,'665504390181945344',to_timestamp('2021-03-23','YYYY-MM-DD')),
('OldIrlGame0083','IRL','159371527115112448', 40000,'David',33200,'Remi',24200,'198974501709414401',22600,'665504390181945344',to_timestamp('2021-03-24','YYYY-MM-DD')),
('OldIrlGame0084','IRL','198974501709414401', 38200,'David',34700,'Remi',32200,'159371527115112448',14900,'665504390181945344',to_timestamp('2021-03-25','YYYY-MM-DD')),
('OldIrlGame0085','IRL','159371527115112448', 40700,'198974501709414401',40600,'Remi',28200,'David',10500,'665504390181945344',to_timestamp('2021-03-26','YYYY-MM-DD')),
('OldIrlGame0086','IRL','85106441727266816', 44600,'159371527115112448',32200,'653594627097493524',30000,'194515699434127361',13200,'665504390181945344',to_timestamp('2021-03-27','YYYY-MM-DD')),
('OldIrlGame0087','IRL','194515699434127361', 54600,'85106441727266816',41200,'159371527115112448',17200,'653594627097493524',7000,'665504390181945344',to_timestamp('2021-03-28','YYYY-MM-DD')),
('OldIrlGame0088','IRL','653594627097493524', 47299,'85106441727266816',34800,'194515699434127361',19300,'159371527115112448',18600,'665504390181945344',to_timestamp('2021-03-29','YYYY-MM-DD')),
('OldIrlGame0089','IRL','159371527115112448', 88200,'198974501709414401',40800,'David',14400,'270943952969007105',-23400,'665504390181945344',to_timestamp('2021-03-30','YYYY-MM-DD')),
('OldIrlGame0090','IRL','159371527115112448', 57800,'David',28300,'270943952969007105',24800,'198974501709414401',9100,'665504390181945344',to_timestamp('2021-03-31','YYYY-MM-DD')),
('OldIrlGame0091','IRL','270943952969007105', 47400,'198974501709414401',39900,'David',26700,'159371527115112448',6000,'665504390181945344',to_timestamp('2021-04-01','YYYY-MM-DD')),
('OldIrlGame0092','IRL','270943952969007105', 39500,'David',36900,'198974501709414401',26400,'159371527115112448',17200,'665504390181945344',to_timestamp('2021-04-02','YYYY-MM-DD')),
('OldIrlGame0093','IRL','David', 96000,'159371527115112448',42000,'198974501709414401',-3500,'270943952969007105',-14500,'665504390181945344',to_timestamp('2021-04-03','YYYY-MM-DD')),
('OldIrlGame0094','IRL','198974501709414401', 42500,'159371527115112448',32500,'David',22700,'Eythan',22300,'665504390181945344',to_timestamp('2021-04-04','YYYY-MM-DD')),
('OldIrlGame0095','IRL','198974501709414401', 39100,'David',37500,'159371527115112448',25400,'Eythan',18000,'665504390181945344',to_timestamp('2021-04-05','YYYY-MM-DD')),
('OldIrlGame0096','IRL','198974501709414401', 40800,'David',36200,'Eythan',22700,'159371527115112448',20300,'665504390181945344',to_timestamp('2021-04-06','YYYY-MM-DD')),
('OldIrlGame0097','IRL','159371527115112448', 79400,'Toto',23100,'150963749140824064',22700,'653594627097493524',-5200,'665504390181945344',to_timestamp('2021-04-07','YYYY-MM-DD')),
('OldIrlGame0098','IRL','159371527115112448', 38900,'150963749140824064',38200,'653594627097493524',32500,'Toto',10400,'665504390181945344',to_timestamp('2021-04-08','YYYY-MM-DD')),
('OldIrlGame0099','IRL','653594627097493524', 41500,'Toto',41400,'159371527115112448',23200,'Nicolas',13900,'665504390181945344',to_timestamp('2021-04-09','YYYY-MM-DD')),
('OldIrlGame0100','IRL','159371527115112448', 37100,'653594627097493524',28200,'Toto',27700,'Nicolas',27000,'665504390181945344',to_timestamp('2021-04-10','YYYY-MM-DD')),
('OldIrlGame0101','IRL','653594627097493524', 48800,'Nicolas',28200,'Toto',25600,'159371527115112448',17400,'665504390181945344',to_timestamp('2021-04-11','YYYY-MM-DD')),
('OldIrlGame0102','IRL','159371527115112448', 40200,'Nicolas',28700,'653594627097493524',27000,'Toto',24100,'665504390181945344',to_timestamp('2021-04-12','YYYY-MM-DD')),
('OldIrlGame0103','IRL','653594627097493524', 38200,'Nicolas',35900,'Toto',32900,'159371527115112448',13000,'665504390181945344',to_timestamp('2021-04-13','YYYY-MM-DD')),
('OldIrlGame0104','IRL','159371527115112448', 39600,'Toto',33200,'396784421899862016',31700,'653594627097493524',15500,'665504390181945344',to_timestamp('2021-04-14','YYYY-MM-DD')),
('OldIrlGame0105','IRL','396784421899862016', 34100,'653594627097493524',32800,'159371527115112448',29100,'Toto',24000,'665504390181945344',to_timestamp('2021-04-15','YYYY-MM-DD')),
('OldIrlGame0106','IRL','Toto', 47200,'396784421899862016',39900,'159371527115112448',34700,'653594627097493524',-1800,'665504390181945344',to_timestamp('2021-04-16','YYYY-MM-DD')),
('OldIrlGame0107','IRL','653594627097493524', 39100,'396784421899862016',32400,'Toto',31900,'159371527115112448',16600,'665504390181945344',to_timestamp('2021-04-17','YYYY-MM-DD')),
('OldIrlGame0108','IRL','396784421899862016', 59500,'Toto',34100,'159371527115112448',15100,'653594627097493524',11300,'665504390181945344',to_timestamp('2021-04-18','YYYY-MM-DD')),
('OldIrlGame0109','IRL','Romain', 44400,'Toto',36200,'198974501709414401',26200,'159371527115112448',13200,'665504390181945344',to_timestamp('2021-04-19','YYYY-MM-DD')),
('OldIrlGame0110','IRL','Romain', 43800,'Toto',31000,'159371527115112448',26500,'198974501709414401',18700,'665504390181945344',to_timestamp('2021-04-20','YYYY-MM-DD')),
('OldIrlGame0111','IRL','Toto', 52000,'159371527115112448',36900,'198974501709414401',22000,'Romain',9100,'665504390181945344',to_timestamp('2021-04-21','YYYY-MM-DD')),
('OldIrlGame0112','IRL','198974501709414401', 44800,'159371527115112448',28600,'Romain',26600,'Toto',20000,'665504390181945344',to_timestamp('2021-04-22','YYYY-MM-DD')),
('OldIrlGame0113','IRL','85106441727266816', 38200,'159371527115112448',36500,'Matteus',24100,'396784421899862016',21200,'665504390181945344',to_timestamp('2021-04-23','YYYY-MM-DD')),
('OldIrlGame0114','IRL','85106441727266816', 50800,'159371527115112448',35900,'Matteus',20400,'396784421899862016',12900,'665504390181945344',to_timestamp('2021-04-24','YYYY-MM-DD')),
('OldIrlGame0115','IRL','396784421899862016', 42500,'653594627097493524',40400,'85106441727266816',31200,'159371527115112448',5900,'665504390181945344',to_timestamp('2021-04-25','YYYY-MM-DD')),
('OldIrlGame0116','IRL','653594627097493524', 48100,'396784421899862016',34000,'159371527115112448',23800,'85106441727266816',14100,'665504390181945344',to_timestamp('2021-04-26','YYYY-MM-DD')),
('OldIrlGame0117','IRL','159371527115112448', 45700,'85106441727266816',28100,'653594627097493524',24100,'396784421899862016',22100,'665504390181945344',to_timestamp('2021-04-27','YYYY-MM-DD')),
('OldIrlGame0118','IRL','159371527115112448', 47800,'85106441727266816',36500,'396784421899862016',27000,'653594627097493524',8700,'665504390181945344',to_timestamp('2021-04-28','YYYY-MM-DD')),
('OldIrlGame0119','IRL','159371527115112448', 35800,'396784421899862016',30000,'653594627097493524',29600,'85106441727266816',24600,'665504390181945344',to_timestamp('2021-04-29','YYYY-MM-DD')),
('OldIrlGame0120','IRL','198974501709414401', 39300,'232938899574489098',34900,'907793366132088842',27100,'159371527115112448',18700,'665504390181945344',to_timestamp('2021-04-30','YYYY-MM-DD')),
('OldIrlGame0121','IRL','907793366132088842', 46900,'159371527115112448',37700,'232938899574489098',26900,'198974501709414401',8500,'665504390181945344',to_timestamp('2021-05-01','YYYY-MM-DD')),
('OldIrlGame0122','IRL','907793366132088842', 59900,'198974501709414401',23500,'232938899574489098',18800,'159371527115112448',17800,'665504390181945344',to_timestamp('2021-05-02','YYYY-MM-DD')),
('OldIrlGame0123','IRL','159371527115112448', 45000,'198974501709414401',40700,'232938899574489098',26000,'907793366132088842',8300,'665504390181945344',to_timestamp('2021-05-03','YYYY-MM-DD')),
('OldIrlGame0124','IRL','159371527115112448', 44800,'198974501709414401',36900,'907793366132088842',32600,'232938899574489098',5700,'665504390181945344',to_timestamp('2021-05-04','YYYY-MM-DD')),
('OldIrlGame0125','IRL','653594627097493524', 55900,'198974501709414401',38300,'159371527115112448',19300,'711633694422597722',6500,'665504390181945344',to_timestamp('2021-05-05','YYYY-MM-DD')),
('OldIrlGame0126','IRL','159371527115112448', 45700,'711633694422597722',39600,'198974501709414401',19400,'653594627097493524',15300,'665504390181945344',to_timestamp('2021-05-06','YYYY-MM-DD')),
('OldIrlGame0127','IRL','711633694422597722', 47000,'159371527115112448',37500,'198974501709414401',26500,'653594627097493524',9000,'665504390181945344',to_timestamp('2021-05-07','YYYY-MM-DD')),
('OldIrlGame0128','IRL','159371527115112448', 82300,'711633694422597722',30700,'653594627097493524',12900,'198974501709414401',-5900,'665504390181945344',to_timestamp('2021-05-08','YYYY-MM-DD')),
('OldIrlGame0129','IRL','159371527115112448', 44900,'198974501709414401',37400,'653594627097493524',23200,'711633694422597722',14500,'665504390181945344',to_timestamp('2021-05-09','YYYY-MM-DD')),
('OldIrlGame0130','IRL','396784421899862016', 47500,'85106441727266816',32300,'159371527115112448',28300,'Toto',11900,'665504390181945344',to_timestamp('2021-05-10','YYYY-MM-DD')),
('OldIrlGame0131','IRL','159371527115112448', 52900,'85106441727266816',28900,'396784421899862016',20600,'Toto',17600,'665504390181945344',to_timestamp('2021-05-11','YYYY-MM-DD')),
('OldIrlGame0132','IRL','159371527115112448', 63600,'Toto',27700,'396784421899862016',18700,'85106441727266816',10000,'665504390181945344',to_timestamp('2021-05-12','YYYY-MM-DD')),
('OldIrlGame0133','IRL','85106441727266816', 53800,'Toto',50500,'159371527115112448',35500,'396784421899862016',-19800,'665504390181945344',to_timestamp('2021-05-13','YYYY-MM-DD')),
('OldIrlGame0134','IRL','396784421899862016', 42900,'159371527115112448',37900,'Toto',24900,'85106441727266816',14300,'665504390181945344',to_timestamp('2021-05-14','YYYY-MM-DD')),
('OldIrlGame0135','IRL','396784421899862016', 49300,'159371527115112448',26200,'Toto',22600,'85106441727266816',21900,'665504390181945344',to_timestamp('2021-05-15','YYYY-MM-DD')),
('OldIrlGame0136','IRL','711633694422597722', 56500,'396784421899862016',33100,'Clement',31400,'653594627097493524',-1000,'665504390181945344',to_timestamp('2021-05-16','YYYY-MM-DD')),
('OldIrlGame0137','IRL','Clement', 36900,'653594627097493524',29500,'396784421899862016',28000,'142754651673067520',25600,'665504390181945344',to_timestamp('2021-05-17','YYYY-MM-DD')),
('OldIrlGame0138','IRL','711633694422597722', 56400,'653594627097493524',45000,'Clement',25000,'142754651673067520',-6400,'665504390181945344',to_timestamp('2021-05-18','YYYY-MM-DD')),
('OldIrlGame0139','IRL','396784421899862016', 50300,'711633694422597722',38700,'Clement',32500,'142754651673067520',-1500,'665504390181945344',to_timestamp('2021-05-19','YYYY-MM-DD')),
('OldIrlGame0140','IRL','907793366132088842', 57400,'Clement',48300,'181826452545732608',33500,'997944871966998578',-19200,'665504390181945344',to_timestamp('2021-05-20','YYYY-MM-DD')),
('OldIrlGame0141','IRL','396784421899862016', 46100,'232938899574489098',42200,'142754651673067520',30600,'340556805090443264',1100,'665504390181945344',to_timestamp('2021-05-21','YYYY-MM-DD')),
('OldIrlGame0142','IRL','340556805090443264', 67500,'Clement',37500,'232938899574489098',8300,'907793366132088842',6700,'665504390181945344',to_timestamp('2021-05-22','YYYY-MM-DD')),
('OldIrlGame0143','IRL','396784421899862016', 42400,'142754651673067520',30400,'997944871966998578',24600,'181826452545732608',22600,'665504390181945344',to_timestamp('2021-05-23','YYYY-MM-DD')),
('OldIrlGame0144','IRL','396784421899862016', 43100,'340556805090443264',36500,'Clement',24900,'997944871966998578',15500,'665504390181945344',to_timestamp('2021-05-24','YYYY-MM-DD')),
('OldIrlGame0145','IRL','181826452545732608', 45800,'142754651673067520',38600,'907793366132088842',31700,'232938899574489098',3900,'665504390181945344',to_timestamp('2021-05-25','YYYY-MM-DD')),
('OldIrlGame0146','IRL','142754651673067520', 38200,'396784421899862016',33900,'Clement',26100,'997944871966998578',21800,'665504390181945344',to_timestamp('2021-05-26','YYYY-MM-DD')),
('OldIrlGame0147','IRL','396784421899862016', 48600,'Clement',45400,'142754651673067520',14500,'997944871966998578',11500,'665504390181945344',to_timestamp('2021-05-27','YYYY-MM-DD')),
('OldIrlGame0148','IRL','Clement', 43100,'997944871966998578',30800,'396784421899862016',24600,'142754651673067520',21500,'665504390181945344',to_timestamp('2021-05-28','YYYY-MM-DD')),
('OldIrlGame0149','IRL','142754651673067520', 33600,'997944871966998578',31700,'Clement',28600,'396784421899862016',26100,'665504390181945344',to_timestamp('2021-05-29','YYYY-MM-DD')),
('OldIrlGame0150','IRL','340556805090443264', 72700,'997944871966998578',24600,'198974501709414401',18500,'396784421899862016',4200,'665504390181945344',to_timestamp('2021-05-30','YYYY-MM-DD')),
('OldIrlGame0151','IRL','Clement', 36100,'135086552907907072',35500,'653594627097493524',25000,'181826452545732608',23400,'665504390181945344',to_timestamp('2021-05-31','YYYY-MM-DD')),
('OldIrlGame0152','IRL','198974501709414401', 48300,'181826452545732608',41600,'396784421899862016',26600,'135086552907907072',3500,'665504390181945344',to_timestamp('2021-06-01','YYYY-MM-DD')),
('OldIrlGame0153','IRL','340556805090443264', 67200,'997944871966998578',25800,'653594627097493524',22400,'Clement',4600,'665504390181945344',to_timestamp('2021-06-02','YYYY-MM-DD')),
('OldIrlGame0154','IRL','653594627097493524', 42800,'198974501709414401',30800,'181826452545732608',24200,'997944871966998578',22200,'665504390181945344',to_timestamp('2021-06-03','YYYY-MM-DD')),
('OldIrlGame0155','IRL','135086552907907072', 37500,'Clement',35500,'340556805090443264',31500,'396784421899862016',15500,'665504390181945344',to_timestamp('2021-06-04','YYYY-MM-DD')),
('OldIrlGame0156','IRL','711633694422597722', 64800,'Clement',32100,'142754651673067520',21900,'997944871966998578',1200,'665504390181945344',to_timestamp('2021-06-05','YYYY-MM-DD')),
('OldIrlGame0157','IRL','142754651673067520', 55200,'Clement',27200,'711633694422597722',22600,'997944871966998578',15000,'665504390181945344',to_timestamp('2021-06-06','YYYY-MM-DD')),
('OldIrlGame0158','IRL','198974501709414401', 66800,'907793366132088842',36700,'Romain',12300,'711633694422597722',4200,'665504390181945344',to_timestamp('2021-06-07','YYYY-MM-DD')),
('OldIrlGame0159','IRL','270943952969007105', 44500,'396784421899862016',29100,'Kevin',27100,'142754651673067520',19300,'665504390181945344',to_timestamp('2021-06-08','YYYY-MM-DD')),
('OldIrlGame0160','IRL','711633694422597722', 58800,'198974501709414401',29000,'Kevin',27300,'396784421899862016',4900,'665504390181945344',to_timestamp('2021-06-09','YYYY-MM-DD')),
('OldIrlGame0161','IRL','Zoe', 47100,'396784421899862016',34600,'Bogdan',20400,'142754651673067520',17900,'665504390181945344',to_timestamp('2021-06-10','YYYY-MM-DD')),
('OldIrlGame0162','IRL','Bogdan', 45300,'997944871966998578',26900,'142754651673067520',24400,'396784421899862016',23400,'665504390181945344',to_timestamp('2021-06-11','YYYY-MM-DD')),
('OldIrlGame0163','IRL','142754651673067520', 52900,'997944871966998578',33300,'Zoe',21900,'396784421899862016',11900,'665504390181945344',to_timestamp('2021-06-12','YYYY-MM-DD')),
('OldIrlGame0164','IRL','198974501709414401', 50200,'Bogdan',29300,'997944871966998578',26200,'142754651673067520',14300,'665504390181945344',to_timestamp('2021-06-13','YYYY-MM-DD')),
('OldIrlGame0165','IRL','159371527115112448', 50900,'142754651673067520',29900,'997944871966998578',29400,'907793366132088842',9800,'665504390181945344',to_timestamp('2021-06-14','YYYY-MM-DD')),
('OldIrlGame0166','IRL','159371527115112448', 44200,'907793366132088842',30000,'142754651673067520',23200,'997944871966998578',22600,'665504390181945344',to_timestamp('2022-09-25','YYYY-MM-DD')),
('OldIrlGame0167','IRL','396784421899862016', 51700,'907793366132088842',44200,'159371527115112448',13600,'997944871966998578',10500,'665504390181945344',to_timestamp('2022-09-25','YYYY-MM-DD')),
('OldIrlGame0168','IRL','142754651673067520', 56400,'396784421899862016',22200,'159371527115112448',20900,'907793366132088842',20500,'665504390181945344',to_timestamp('2022-09-25','YYYY-MM-DD')),
('OldIrlGame0169','IRL','997944871966998578', 37100,'907793366132088842',28800,'159371527115112448',27200,'142754651673067520',26900,'665504390181945344',to_timestamp('2022-09-25','YYYY-MM-DD')),
('OldIrlGame0170','IRL','181826452545732608', 55200,'232938899574489098',38400,'340556805090443264',35100,'396784421899862016',-8700,'665504390181945344',to_timestamp('2022-09-29','YYYY-MM-DD')),
('OldIrlGame0171','IRL','396784421899862016', 40600,'Adeline',30900,'997944871966998578',25800,'Chaolei',22700,'665504390181945344',to_timestamp('2022-10-04','YYYY-MM-DD')),
('OldIrlGame0172','IRL','232938899574489098', 47000,'181826452545732608',33700,'171745289764339712',25100,'907793366132088842',14200,'665504390181945344',to_timestamp('2022-10-04','YYYY-MM-DD')),
('OldIrlGame0173','IRL','Chaolei', 36800,'396784421899862016',34300,'181826452545732608',29400,'171745289764339712',19500,'665504390181945344',to_timestamp('2022-10-04','YYYY-MM-DD')),
('OldIrlGame0174','IRL','997944871966998578', 36200,'907793366132088842',33100,'396784421899862016',27700,'232938899574489098',23000,'665504390181945344',to_timestamp('2022-10-04','YYYY-MM-DD')),
('OldIrlGame0175','IRL','997944871966998578', 54200,'396784421899862016',28600,'Vasile',22800,'181826452545732608',14400,'665504390181945344',to_timestamp('2022-10-08','YYYY-MM-DD')),
('OldIrlGame0176','IRL','232938899574489098', 47000,'181826452545732608',33700,'171745289764339712',25100,'907793366132088842',14200,'665504390181945344',to_timestamp('2022-10-08','YYYY-MM-DD')),
('OldIrlGame0177','IRL','Chaolei', 58900,'396784421899862016',26100,'Antoine',20200,'Olivier',14800,'665504390181945344',to_timestamp('2022-10-18','YYYY-MM-DD')),
('OldIrlGame0178','IRL','997944871966998578', 61000,'273192430172372993',34800,'711543515594752064',30300,'907793366132088842',-6100,'665504390181945344',to_timestamp('2022-10-18','YYYY-MM-DD')),
('OldIrlGame0179','IRL','Chaolei', 38000,'711543515594752064',30100,'273192430172372993',28900,'396784421899862016',23000,'665504390181945344',to_timestamp('2022-10-18','YYYY-MM-DD')),
('OldIrlGame0180','IRL','907793366132088842', 37600,'997944871966998578',33400,'Olivier',27200,'Antoine',21800,'665504390181945344',to_timestamp('2022-10-18','YYYY-MM-DD')),
('OldIrlGame0181','IRL','396784421899862016', 43000,'Olivier',40500,'Nehuen',22000,'142754651673067520',14500,'665504390181945344',to_timestamp('2022-11-08','YYYY-MM-DD')),
('OldIrlGame0182','IRL','711633694422597722', 62100,'997944871966998578',22500,'711543515594752064',20300,'159371527115112448',15100,'665504390181945344',to_timestamp('2022-11-08','YYYY-MM-DD')),
('OldIrlGame0183','IRL','396784421899862016', 37200,'232938899574489098',30400,'142754651673067520',27200,'997944871966998578',25200,'665504390181945344',to_timestamp('2022-11-08','YYYY-MM-DD')),
('OldIrlGame0184','IRL','711633694422597722', 69200,'907793366132088842',41700,'396784421899862016',11400,'997944871966998578',-2300,'665504390181945344',to_timestamp('2022-11-15','YYYY-MM-DD')),
('OldIrlGame0185','IRL','396784421899862016', 49200,'198974501709414401',27300,'997944871966998578',22800,'159371527115112448',20700,'665504390181945344',to_timestamp('2022-11-22','YYYY-MM-DD')),
('OldIrlGame0186','IRL','907793366132088842', 59600,'198974501709414401',56900,'396784421899862016',26000,'Aurelien',-22500,'665504390181945344',to_timestamp('2022-11-26','YYYY-MM-DD')),
('OldIrlGame0187','IRL','396784421899862016', 41500,'997944871966998578',33800,'711633694422597722',32700,'907793366132088842',12000,'665504390181945344',to_timestamp('2022-11-29','YYYY-MM-DD')),
('OldIrlGame0188','IRL','198974501709414401', 52600,'907793366132088842',37400,'396784421899862016',15700,'997944871966998578',14300,'665504390181945344',to_timestamp('2022-12-13','YYYY-MM-DD')),
('OldIrlGame0189','IRL','159371527115112448', 70900,'181826452545732608',33400,'171745289764339712',16700,'198974501709414401',-1000,'665504390181945344',to_timestamp('2022-12-18','YYYY-MM-DD')),
('OldIrlGame0190','IRL','142754651673067520', 45200,'273192430172372993',39400,'653594627097493524',20300,'232938899574489098',15100,'665504390181945344',to_timestamp('2022-12-18','YYYY-MM-DD')),
('OldIrlGame0191','IRL','171745289764339712', 36500,'232938899574489098',31900,'653594627097493524',31300,'198974501709414401',20300,'665504390181945344',to_timestamp('2022-12-18','YYYY-MM-DD')),
('OldIrlGame0192','IRL','159371527115112448', 33900,'273192430172372993',33500,'181826452545732608',26300,'142754651673067520',26300,'665504390181945344',to_timestamp('2022-12-18','YYYY-MM-DD')),
('OldIrlGame0193','IRL','653594627097493524', 48600,'198974501709414401',36800,'232938899574489098',17400,'181826452545732608',17200,'665504390181945344',to_timestamp('2022-12-18','YYYY-MM-DD')),
('OldIrlGame0194','IRL','273192430172372993', 40300,'171745289764339712',31100,'142754651673067520',25300,'159371527115112448',23300,'665504390181945344',to_timestamp('2022-12-18','YYYY-MM-DD')),
('OldIrlGame0195','IRL','181826452545732608', 58200,'142754651673067520',28300,'232938899574489098',21000,'198974501709414401',12500,'665504390181945344',to_timestamp('2022-12-18','YYYY-MM-DD')),
('OldIrlGame0196','IRL','273192430172372993', 37000,'653594627097493524',28200,'171745289764339712',27800,'159371527115112448',27000,'665504390181945344',to_timestamp('2022-12-18','YYYY-MM-DD')),
('OldIrlGame0197','IRL','198974501709414401', 47800,'142754651673067520',39900,'171745289764339712',32700,'232938899574489098',-400,'665504390181945344',to_timestamp('2022-12-18','YYYY-MM-DD')),
('OldIrlGame0198','IRL','159371527115112448', 51400,'273192430172372993',38500,'181826452545732608',17700,'653594627097493524',12400,'665504390181945344',to_timestamp('2022-12-18','YYYY-MM-DD')),
('OldIrlGame0199','IRL','85106441727266816', 66600,'578856013612974091',34700,'181826452545732608',27200,'159371527115112448',-8500,'665504390181945344',to_timestamp('2022-12-31','YYYY-MM-DD')),
('OldIrlGame0200','IRL','85106441727266816', 54400,'578856013612974091',32300,'159371527115112448',22700,'181826452545732608',10600,'665504390181945344',to_timestamp('2022-12-31','YYYY-MM-DD')),
('OldIrlGame0201','IRL','85106441727266816', 42500,'181826452545732608',41800,'159371527115112448',31200,'578856013612974091',4500,'665504390181945344',to_timestamp('2022-12-31','YYYY-MM-DD')),
('OldIrlGame0202','IRL','159371527115112448', 67200,'85106441727266816',35200,'578856013612974091',21800,'181826452545732608',-4200,'665504390181945344',to_timestamp('2022-12-31','YYYY-MM-DD')),
('OldIrlGame0203','IRL','578856013612974091', 38100,'159371527115112448',32600,'181826452545732608',28100,'85106441727266816',21200,'665504390181945344',to_timestamp('2022-12-31','YYYY-MM-DD')),
('OldIrlGame0204','IRL','159371527115112448', 42900,'181826452545732608',35500,'578856013612974091',30200,'85106441727266816',11400,'665504390181945344',to_timestamp('2022-12-31','YYYY-MM-DD')),
('OldIrlGame0205','IRL','159371527115112448', 66700,'85106441727266816',31300,'181826452545732608',29700,'578856013612974091',-7700,'665504390181945344',to_timestamp('2022-12-31','YYYY-MM-DD')),
('OldIrlGame0206','IRL','Nehuen', 36600,'Younes',33400,'198974501709414401',28500,'159371527115112448',21500,'665504390181945344',to_timestamp('2023-02-07','YYYY-MM-DD')),
('OldIrlGame0207','IRL','340556805090443264', 51300,'273192430172372993',28600,'907793366132088842',25400,'711633694422597722',14700,'665504390181945344',to_timestamp('2023-02-07','YYYY-MM-DD')),
('OldIrlGame0208','IRL','711633694422597722', 39200,'907793366132088842',30000,'159371527115112448',28100,'Younes',22700,'665504390181945344',to_timestamp('2023-02-07','YYYY-MM-DD')),
('OldIrlGame0209','IRL','711633694422597722', 38200,'997944871966998578',32900,'159371527115112448',31100,'198974501709414401',17800,'665504390181945344',to_timestamp('2023-02-07','YYYY-MM-DD')),
('OldIrlGame0210','IRL','330124856194760704', 51700,'232938899574489098',43700,'142754651673067520',26800,'159371527115112448',-2200,'665504390181945344',to_timestamp('2023-02-18','YYYY-MM-DD')),
('OldIrlGame0211','IRL','396784421899862016', 39100,'653594627097493524',37400,'921124743036403842',30000,'135086552907907072',13500,'665504390181945344',to_timestamp('2023-02-18','YYYY-MM-DD')),
('OldIrlGame0212','IRL','159371527115112448', 47200,'921124743036403842',45500,'653594627097493524',31000,'330124856194760704',-3700,'665504390181945344',to_timestamp('2023-02-18','YYYY-MM-DD')),
('OldIrlGame0213','IRL','396784421899862016', 38700,'142754651673067520',38300,'135086552907907072',37400,'232938899574489098',5600,'665504390181945344',to_timestamp('2023-02-18','YYYY-MM-DD')),
('OldIrlGame0214','IRL','273192430172372993', 44300,'330124856194760704',30000,'907793366132088842',25700,'181826452545732608',20000,'665504390181945344',to_timestamp('2023-03-12','YYYY-MM-DD')),
('OldIrlGame0215','IRL','198974501709414401', 39000,'159371527115112448',38900,'711543515594752064',27800,'171745289764339712',14300,'665504390181945344',to_timestamp('2023-03-12','YYYY-MM-DD')),
('OldIrlGame0216','IRL','330124856194760704', 51000,'181826452545732608',36100,'907793366132088842',25300,'171745289764339712',7600,'665504390181945344',to_timestamp('2023-03-12','YYYY-MM-DD')),
('OldIrlGame0217','IRL','273192430172372993', 43700,'159371527115112448',29400,'198974501709414401',23800,'711543515594752064',23100,'665504390181945344',to_timestamp('2023-03-12','YYYY-MM-DD')),
('OldIrlGame0218','IRL','711543515594752064', 38700,'330124856194760704',33900,'171745289764339712',32100,'273192430172372993',15300,'665504390181945344',to_timestamp('2023-03-12','YYYY-MM-DD')),
('OldIrlGame0219','IRL','907793366132088842', 30600,'181826452545732608',30500,'159371527115112448',29600,'198974501709414401',29300,'665504390181945344',to_timestamp('2023-03-12','YYYY-MM-DD')),
('OldIrlGame0220','IRL','907793366132088842', 54500,'159371527115112448',26400,'711543515594752064',20100,'198974501709414401',19000,'665504390181945344',to_timestamp('2023-03-12','YYYY-MM-DD')),
('OldIrlGame0221','IRL','273192430172372993', 64200,'330124856194760704',31300,'171745289764339712',13800,'181826452545732608',10700,'665504390181945344',to_timestamp('2023-03-12','YYYY-MM-DD')),
('OldIrlGame0222','IRL','907793366132088842', 50600,'330124856194760704',31200,'198974501709414401',19900,'181826452545732608',18300,'665504390181945344',to_timestamp('2023-03-12','YYYY-MM-DD')),
('OldIrlGame0223','IRL','159371527115112448', 33600,'273192430172372993',31800,'711543515594752064',27600,'171745289764339712',27000,'665504390181945344',to_timestamp('2023-03-12','YYYY-MM-DD')),
('OldIrlGame0224','IRL','997944871966998578', 57000,'Jerome',27100,'Younes',20800,'396784421899862016',15100,'665504390181945344',to_timestamp('2023-03-14','YYYY-MM-DD')),
('OldIrlGame0225','IRL','Chaolei', 50500,'198974501709414401',39200,'330124856194760704',15700,'907793366132088842',14600,'665504390181945344',to_timestamp('2023-03-14','YYYY-MM-DD')),
('OldIrlGame0226','IRL','Alfredo', 44200,'396784421899862016',42000,'Younes',29700,'997944871966998578',4100,'665504390181945344',to_timestamp('2023-03-14','YYYY-MM-DD')),
('OldIrlGame0227','IRL','711543515594752064', 39300,'Nehuen',32000,'Jerome',28200,'Chaolei',20500,'665504390181945344',to_timestamp('2023-03-14','YYYY-MM-DD')) ON CONFLICT DO NOTHING;
