INSERT INTO DiscordUser (Id) VALUES
('Vasile'),
('150963749140824064'),
('Toto'),
('159371527115112448'),
('85106441727266816'),
('578856013612974091'),
('169601495501766656'),
('Inari'),
('Rafael'),
('Nicolas'),
('340556805090443264'),
('653594627097493524'),
('691388795140046901'),
('Veronique'),
('Omar'),
('273192430172372993'),
('194515699434127361'),
('Sonata'),
('198974501709414401'),
('672083306103308298'),
('Remi'),
('Arrcival'),
('396784421899862016'),
('Romain'),
('188015045681217536'),
('232938899574489098'),
('907793366132088842'),
('711633694422597722'),
('313630052560666626'),
('142754651673067520'),
('181826452545732608'),
('997944871966998578'),
('135086552907907072'),
('Oscar'),
('Kevin'),
('Zoe'),
('Bogdan'),
('Chaolei'),
('Adeline'),
('171745289764339712') ON CONFLICT DO NOTHING;
INSERT INTO ServerUser (userId, serverId, isAdmin) VALUES
('Vasile','665504390181945344',false),
('150963749140824064','665504390181945344',false),
('Toto','665504390181945344',false),
('159371527115112448','665504390181945344',false),
('85106441727266816','665504390181945344',false),
('578856013612974091','665504390181945344',false),
('169601495501766656','665504390181945344',false),
('Inari','665504390181945344',false),
('Rafael','665504390181945344',false),
('Nicolas','665504390181945344',false),
('340556805090443264','665504390181945344',false),
('653594627097493524','665504390181945344',false),
('691388795140046901','665504390181945344',false),
('Veronique','665504390181945344',false),
('Omar','665504390181945344',false),
('273192430172372993','665504390181945344',false),
('194515699434127361','665504390181945344',false),
('Sonata','665504390181945344',false),
('198974501709414401','665504390181945344',false),
('672083306103308298','665504390181945344',false),
('Remi','665504390181945344',false),
('Arrcival','665504390181945344',false),
('396784421899862016','665504390181945344',false),
('Romain','665504390181945344',false),
('188015045681217536','665504390181945344',false),
('232938899574489098','665504390181945344',false),
('907793366132088842','665504390181945344',false),
('711633694422597722','665504390181945344',false),
('313630052560666626','665504390181945344',false),
('142754651673067520','665504390181945344',false),
('181826452545732608','665504390181945344',false),
('997944871966998578','665504390181945344',false),
('135086552907907072','665504390181945344',false),
('Oscar','665504390181945344',false),
('Kevin','665504390181945344',false),
('Zoe','665504390181945344',false),
('Bogdan','665504390181945344',false),
('Chaolei','665504390181945344',false),
('Adeline','665504390181945344',false),
('171745289764339712','665504390181945344',false) ON CONFLICT DO NOTHING;
INSERT INTO Game (name,platform,user1Id,user1Score,user2Id,user2Score,user3Id,user3Score,user4Id,user4Score, serverId) VALUES
('OldIrlGame0001','IRL','Vasile', 32400,'150963749140824064',25300,'Toto',26000,'159371527115112448',36300,'665504390181945344'),
('OldIrlGame0002','IRL','Vasile', 38400,'150963749140824064',29200,'Toto',45400,'159371527115112448',7000,'665504390181945344'),
('OldIrlGame0003','IRL','Vasile', 10000,'150963749140824064',62600,'Toto',22800,'159371527115112448',24600,'665504390181945344'),
('OldIrlGame0004','IRL','Vasile', 5300,'150963749140824064',45600,'Toto',37300,'159371527115112448',31800,'665504390181945344'),
('OldIrlGame0005','IRL','85106441727266816', 41700,'150963749140824064',30100,'Toto',35300,'159371527115112448',12900,'665504390181945344'),
('OldIrlGame0006','IRL','85106441727266816', -5600,'150963749140824064',50700,'Toto',45500,'159371527115112448',29400,'665504390181945344'),
('OldIrlGame0007','IRL','85106441727266816', 8900,'150963749140824064',3400,'Toto',97700,'159371527115112448',10000,'665504390181945344'),
('OldIrlGame0008','IRL','85106441727266816', 38200,'150963749140824064',40600,'Toto',24900,'159371527115112448',16300,'665504390181945344'),
('OldIrlGame0009','IRL','578856013612974091', 22100,'169601495501766656',24400,'Inari',17800,'159371527115112448',55700,'665504390181945344'),
('OldIrlGame0010','IRL','578856013612974091', 19600,'169601495501766656',36400,'Inari',41000,'159371527115112448',23000,'665504390181945344'),
('OldIrlGame0011','IRL','578856013612974091', 31800,'169601495501766656',39300,'Inari',29000,'159371527115112448',19900,'665504390181945344'),
('OldIrlGame0012','IRL','Toto', 43700,'Vasile',24700,'150963749140824064',16700,'159371527115112448',34900,'665504390181945344'),
('OldIrlGame0013','IRL','Toto', 14400,'Vasile',31600,'150963749140824064',15900,'159371527115112448',58100,'665504390181945344'),
('OldIrlGame0014','IRL','Toto', 24500,'Vasile',9000,'150963749140824064',39700,'159371527115112448',46800,'665504390181945344'),
('OldIrlGame0015','IRL','Toto', 25400,'Vasile',44100,'150963749140824064',26400,'159371527115112448',24100,'665504390181945344'),
('OldIrlGame0016','IRL','Toto', 16100,'Vasile',65400,'150963749140824064',30400,'159371527115112448',8100,'665504390181945344'),
('OldIrlGame0017','IRL','Toto', 41500,'Rafael',2100,'Vasile',58600,'159371527115112448',17800,'665504390181945344'),
('OldIrlGame0018','IRL','Toto', 23000,'Rafael',16200,'Vasile',42000,'159371527115112448',38800,'665504390181945344'),
('OldIrlGame0019','IRL','Toto', 27900,'Rafael',63900,'Vasile',-6800,'159371527115112448',35000,'665504390181945344'),
('OldIrlGame0020','IRL','Toto', 33600,'Rafael',13400,'Vasile',49300,'159371527115112448',23700,'665504390181945344'),
('OldIrlGame0021','IRL','Toto', 20700,'Rafael',33900,'Vasile',15300,'159371527115112448',50100,'665504390181945344'),
('OldIrlGame0022','IRL','Toto', -7700,'Nicolas',51000,'Vasile',34400,'159371527115112448',42300,'665504390181945344'),
('OldIrlGame0023','IRL','Toto', 29900,'Nicolas',27500,'Vasile',39000,'159371527115112448',23600,'665504390181945344'),
('OldIrlGame0024','IRL','Toto', 34700,'Nicolas',27700,'Vasile',37400,'159371527115112448',20200,'665504390181945344'),
('OldIrlGame0025','IRL','Toto', 20200,'Nicolas',42200,'Vasile',27300,'159371527115112448',30300,'665504390181945344'),
('OldIrlGame0026','IRL','Toto', 27200,'Nicolas',28800,'Vasile',23700,'159371527115112448',40300,'665504390181945344'),
('OldIrlGame0027','IRL','Toto', 33900,'Rafael',29100,'Vasile',23400,'159371527115112448',33600,'665504390181945344'),
('OldIrlGame0028','IRL','Toto', 61900,'Rafael',25000,'Vasile',-11600,'159371527115112448',44700,'665504390181945344'),
('OldIrlGame0029','IRL','Toto', 37725,'Rafael',31325,'Vasile',19325,'159371527115112448',31625,'665504390181945344'),
('OldIrlGame0030','IRL','Toto', 39600,'Rafael',19200,'Vasile',20800,'159371527115112448',40400,'665504390181945344'),
('OldIrlGame0031','IRL','Toto', 23500,'Rafael',22900,'Vasile',35000,'159371527115112448',38600,'665504390181945344'),
('OldIrlGame0032','IRL','340556805090443264', 57700,'Toto',17800,'Vasile',35300,'159371527115112448',9200,'665504390181945344'),
('OldIrlGame0033','IRL','340556805090443264', 24900,'Toto',43000,'Vasile',29400,'159371527115112448',22700,'665504390181945344'),
('OldIrlGame0034','IRL','340556805090443264', 28800,'Toto',40200,'Vasile',12300,'159371527115112448',38700,'665504390181945344'),
('OldIrlGame0035','IRL','340556805090443264', 16200,'Toto',24500,'Vasile',43400,'159371527115112448',35900,'665504390181945344'),
('OldIrlGame0036','IRL','150963749140824064', 23000,'Toto',25400,'85106441727266816',24200,'159371527115112448',47400,'665504390181945344'),
('OldIrlGame0037','IRL','150963749140824064', 34600,'Toto',24900,'85106441727266816',30400,'159371527115112448',30100,'665504390181945344'),
('OldIrlGame0038','IRL','150963749140824064', 49800,'Toto',19300,'85106441727266816',37400,'159371527115112448',13500,'665504390181945344'),
('OldIrlGame0039','IRL','150963749140824064', 46600,'Toto',15600,'85106441727266816',48100,'159371527115112448',9700,'665504390181945344'),
('OldIrlGame0040','IRL','150963749140824064', 30800,'Toto',37400,'85106441727266816',10600,'159371527115112448',41200,'665504390181945344'),
('OldIrlGame0041','IRL','85106441727266816', 43500,'578856013612974091',26200,'653594627097493524',37000,'159371527115112448',13300,'665504390181945344'),
('OldIrlGame0042','IRL','85106441727266816', 34500,'578856013612974091',-27200,'653594627097493524',34600,'159371527115112448',78100,'665504390181945344'),
('OldIrlGame0043','IRL','85106441727266816', 47200,'578856013612974091',12800,'653594627097493524',12900,'159371527115112448',47100,'665504390181945344'),
('OldIrlGame0044','IRL','85106441727266816', 8000,'578856013612974091',58500,'653594627097493524',31000,'159371527115112448',22500,'665504390181945344'),
('OldIrlGame0045','IRL','Vasile', 33500,'Toto',36700,'340556805090443264',32400,'159371527115112448',17400,'665504390181945344'),
('OldIrlGame0046','IRL','Vasile', 19400,'Toto',45100,'340556805090443264',45100,'159371527115112448',10400,'665504390181945344'),
('OldIrlGame0047','IRL','Vasile', 30200,'Toto',40300,'340556805090443264',28300,'159371527115112448',21200,'665504390181945344'),
('OldIrlGame0048','IRL','Vasile', 31500,'Toto',29100,'340556805090443264',10200,'159371527115112448',49200,'665504390181945344'),
('OldIrlGame0049','IRL','Vasile', 9000,'Toto',31400,'340556805090443264',51200,'159371527115112448',28400,'665504390181945344'),
('OldIrlGame0050','IRL','Toto', 19600,'691388795140046901',32500,'578856013612974091',30700,'159371527115112448',37200,'665504390181945344'),
('OldIrlGame0051','IRL','Toto', -12300,'691388795140046901',23400,'578856013612974091',57100,'159371527115112448',51800,'665504390181945344'),
('OldIrlGame0052','IRL','Toto', 60300,'691388795140046901',7000,'578856013612974091',17000,'159371527115112448',35700,'665504390181945344'),
('OldIrlGame0053','IRL','Toto', 10200,'691388795140046901',40200,'578856013612974091',44900,'159371527115112448',24700,'665504390181945344'),
('OldIrlGame0054','IRL','Toto', 14800,'691388795140046901',29900,'578856013612974091',35100,'159371527115112448',40200,'665504390181945344'),
('OldIrlGame0055','IRL','Toto', 46700,'150963749140824064',44500,'Veronique',6100,'159371527115112448',22700,'665504390181945344'),
('OldIrlGame0056','IRL','Toto', 39000,'150963749140824064',34100,'Veronique',30300,'159371527115112448',16600,'665504390181945344'),
('OldIrlGame0057','IRL','Toto', 28600,'150963749140824064',22300,'Veronique',44900,'159371527115112448',24200,'665504390181945344'),
('OldIrlGame0058','IRL','Toto', 35000,'150963749140824064',44600,'Veronique',31600,'159371527115112448',8800,'665504390181945344'),
('OldIrlGame0059','IRL','Toto', 10900,'150963749140824064',55400,'Veronique',31000,'159371527115112448',22700,'665504390181945344'),
('OldIrlGame0060','IRL','Toto', 55300,'Omar',23800,'Nicolas',20000,'159371527115112448',20900,'665504390181945344'),
('OldIrlGame0061','IRL','Toto', 12300,'Omar',21500,'Nicolas',19900,'159371527115112448',66300,'665504390181945344'),
('OldIrlGame0062','IRL','Toto', 40100,'Omar',52900,'Nicolas',13200,'159371527115112448',13800,'665504390181945344'),
('OldIrlGame0063','IRL','Toto', 20000,'Omar',41400,'Nicolas',25300,'159371527115112448',33300,'665504390181945344'),
('OldIrlGame0064','IRL','Toto', 7900,'Omar',34200,'Nicolas',46800,'159371527115112448',31100,'665504390181945344'),
('OldIrlGame0065','IRL','169601495501766656', 21500,'578856013612974091',28900,'273192430172372993',18700,'159371527115112448',50900,'665504390181945344'),
('OldIrlGame0066','IRL','169601495501766656', 30700,'578856013612974091',-7500,'273192430172372993',54300,'159371527115112448',42500,'665504390181945344'),
('OldIrlGame0067','IRL','169601495501766656', 34200,'578856013612974091',27900,'273192430172372993',31200,'159371527115112448',26700,'665504390181945344'),
('OldIrlGame0068','IRL','169601495501766656', 24400,'578856013612974091',43800,'273192430172372993',30500,'159371527115112448',21300,'665504390181945344'),
('OldIrlGame0069','IRL','169601495501766656', 33700,'578856013612974091',60000,'273192430172372993',18700,'159371527115112448',7600,'665504390181945344'),
('OldIrlGame0070','IRL','169601495501766656', 25000,'194515699434127361',34900,'273192430172372993',22400,'159371527115112448',37700,'665504390181945344'),
('OldIrlGame0071','IRL','169601495501766656', 34800,'194515699434127361',26500,'273192430172372993',18800,'159371527115112448',39900,'665504390181945344'),
('OldIrlGame0072','IRL','653594627097493524', 13300,'Omar',28900,'273192430172372993',31700,'159371527115112448',46100,'665504390181945344'),
('OldIrlGame0073','IRL','653594627097493524', 29700,'Omar',28600,'273192430172372993',35200,'159371527115112448',26500,'665504390181945344'),
('OldIrlGame0074','IRL','653594627097493524', 42800,'169601495501766656',17700,'150963749140824064',49100,'159371527115112448',10400,'665504390181945344'),
('OldIrlGame0075','IRL','653594627097493524', 23800,'169601495501766656',59500,'150963749140824064',35100,'159371527115112448',1600,'665504390181945344'),
('OldIrlGame0076','IRL','653594627097493524', 34200,'169601495501766656',43800,'150963749140824064',27300,'159371527115112448',14700,'665504390181945344'),
('OldIrlGame0077','IRL','85106441727266816', 20600,'169601495501766656',33200,'Sonata',39600,'159371527115112448',26600,'665504390181945344'),
('OldIrlGame0078','IRL','85106441727266816', 50700,'169601495501766656',-5100,'Sonata',25400,'159371527115112448',49000,'665504390181945344'),
('OldIrlGame0079','IRL','85106441727266816', 42600,'169601495501766656',30800,'Sonata',10700,'159371527115112448',35900,'665504390181945344'),
('OldIrlGame0080','IRL','198974501709414401', 30200,'169601495501766656',35000,'672083306103308298',18600,'159371527115112448',36200,'665504390181945344'),
('OldIrlGame0081','IRL','198974501709414401', 16600,'169601495501766656',39500,'672083306103308298',24500,'159371527115112448',39400,'665504390181945344'),
('OldIrlGame0082','IRL','198974501709414401', 39700,'169601495501766656',8600,'672083306103308298',23100,'159371527115112448',48600,'665504390181945344'),
('OldIrlGame0083','IRL','198974501709414401', 22600,'169601495501766656',33200,'Remi',24200,'159371527115112448',40000,'665504390181945344'),
('OldIrlGame0084','IRL','198974501709414401', 38200,'169601495501766656',34700,'Remi',32200,'159371527115112448',14900,'665504390181945344'),
('OldIrlGame0085','IRL','198974501709414401', 40600,'169601495501766656',10500,'Remi',28200,'159371527115112448',40700,'665504390181945344'),
('OldIrlGame0086','IRL','653594627097493524', 30000,'194515699434127361',13200,'85106441727266816',44600,'159371527115112448',32200,'665504390181945344'),
('OldIrlGame0087','IRL','653594627097493524', 7000,'194515699434127361',54600,'85106441727266816',41200,'159371527115112448',17200,'665504390181945344'),
('OldIrlGame0088','IRL','653594627097493524', 47300,'194515699434127361',19300,'85106441727266816',34800,'159371527115112448',18600,'665504390181945344'),
('OldIrlGame0089','IRL','169601495501766656', 14400,'198974501709414401',40800,'Arrcival',-23400,'159371527115112448',88200,'665504390181945344'),
('OldIrlGame0090','IRL','169601495501766656', 28300,'198974501709414401',9100,'Arrcival',24800,'159371527115112448',57800,'665504390181945344'),
('OldIrlGame0091','IRL','169601495501766656', 26700,'198974501709414401',39900,'Arrcival',47400,'159371527115112448',6000,'665504390181945344'),
('OldIrlGame0092','IRL','169601495501766656', 36900,'198974501709414401',26400,'Arrcival',39500,'159371527115112448',17200,'665504390181945344'),
('OldIrlGame0093','IRL','169601495501766656', 96000,'198974501709414401',-3500,'Arrcival',-14500,'159371527115112448',42000,'665504390181945344'),
('OldIrlGame0094','IRL','Sonata', 22300,'169601495501766656',22700,'198974501709414401',42500,'159371527115112448',32500,'665504390181945344'),
('OldIrlGame0095','IRL','Sonata', 18000,'169601495501766656',37500,'198974501709414401',39100,'159371527115112448',25400,'665504390181945344'),
('OldIrlGame0096','IRL','Sonata', 22700,'169601495501766656',36200,'198974501709414401',40800,'159371527115112448',20300,'665504390181945344'),
('OldIrlGame0097','IRL','150963749140824064', 22700,'653594627097493524',-5200,'Toto',23100,'159371527115112448',79400,'665504390181945344'),
('OldIrlGame0098','IRL','150963749140824064', 38200,'653594627097493524',32500,'Toto',10400,'159371527115112448',38900,'665504390181945344'),
('OldIrlGame0099','IRL','Toto', 41400,'653594627097493524',41500,'Nicolas',13900,'159371527115112448',23200,'665504390181945344'),
('OldIrlGame0100','IRL','Toto', 27700,'653594627097493524',28200,'Nicolas',27000,'159371527115112448',37100,'665504390181945344'),
('OldIrlGame0101','IRL','Toto', 25600,'653594627097493524',48800,'Nicolas',28200,'159371527115112448',17400,'665504390181945344'),
('OldIrlGame0102','IRL','Toto', 24100,'653594627097493524',27000,'Nicolas',28700,'159371527115112448',40200,'665504390181945344'),
('OldIrlGame0103','IRL','Toto', 32900,'653594627097493524',38200,'Nicolas',35900,'159371527115112448',13000,'665504390181945344'),
('OldIrlGame0104','IRL','Toto', 33200,'396784421899862016',31700,'653594627097493524',15500,'159371527115112448',39600,'665504390181945344'),
('OldIrlGame0105','IRL','Toto', 24000,'396784421899862016',34100,'653594627097493524',32800,'159371527115112448',29100,'665504390181945344'),
('OldIrlGame0106','IRL','Toto', 47200,'396784421899862016',39900,'653594627097493524',-1800,'159371527115112448',34700,'665504390181945344'),
('OldIrlGame0107','IRL','Toto', 31900,'396784421899862016',32400,'653594627097493524',39100,'159371527115112448',16600,'665504390181945344'),
('OldIrlGame0108','IRL','Toto', 34100,'396784421899862016',59500,'653594627097493524',11300,'159371527115112448',15100,'665504390181945344'),
('OldIrlGame0109','IRL','Toto', 36200,'198974501709414401',26200,'Romain',44400,'159371527115112448',13200,'665504390181945344'),
('OldIrlGame0110','IRL','Toto', 31000,'198974501709414401',18700,'Romain',43800,'159371527115112448',26500,'665504390181945344'),
('OldIrlGame0111','IRL','Toto', 52000,'198974501709414401',22000,'Romain',9100,'159371527115112448',36900,'665504390181945344'),
('OldIrlGame0112','IRL','Toto', 20000,'198974501709414401',44800,'Romain',26600,'159371527115112448',28600,'665504390181945344'),
('OldIrlGame0113','IRL','396784421899862016', 21200,'85106441727266816',38200,'188015045681217536',24100,'159371527115112448',36500,'665504390181945344'),
('OldIrlGame0114','IRL','396784421899862016', 12900,'85106441727266816',50800,'188015045681217536',20400,'159371527115112448',35900,'665504390181945344'),
('OldIrlGame0115','IRL','653594627097493524', 40400,'85106441727266816',31200,'396784421899862016',42500,'159371527115112448',5900,'665504390181945344'),
('OldIrlGame0116','IRL','653594627097493524', 48100,'85106441727266816',14100,'396784421899862016',34000,'159371527115112448',23800,'665504390181945344'),
('OldIrlGame0117','IRL','653594627097493524', 24100,'85106441727266816',28100,'396784421899862016',22100,'159371527115112448',45700,'665504390181945344'),
('OldIrlGame0118','IRL','653594627097493524', 8700,'85106441727266816',36500,'396784421899862016',27000,'159371527115112448',47800,'665504390181945344'),
('OldIrlGame0119','IRL','653594627097493524', 29600,'85106441727266816',24600,'396784421899862016',30000,'159371527115112448',35800,'665504390181945344'),
('OldIrlGame0120','IRL','198974501709414401', 39300,'232938899574489098',34900,'907793366132088842',27100,'159371527115112448',18700,'665504390181945344'),
('OldIrlGame0121','IRL','198974501709414401', 8500,'232938899574489098',26900,'907793366132088842',46900,'159371527115112448',37700,'665504390181945344'),
('OldIrlGame0122','IRL','198974501709414401', 23500,'232938899574489098',18800,'907793366132088842',59900,'159371527115112448',17800,'665504390181945344'),
('OldIrlGame0123','IRL','198974501709414401', 40700,'232938899574489098',26000,'907793366132088842',8300,'159371527115112448',45000,'665504390181945344'),
('OldIrlGame0124','IRL','198974501709414401', 36900,'232938899574489098',5700,'907793366132088842',32600,'159371527115112448',44800,'665504390181945344'),
('OldIrlGame0125','IRL','198974501709414401', 38300,'711633694422597722',6500,'653594627097493524',55900,'159371527115112448',19300,'665504390181945344'),
('OldIrlGame0126','IRL','198974501709414401', 19400,'711633694422597722',39600,'653594627097493524',15300,'159371527115112448',45700,'665504390181945344'),
('OldIrlGame0127','IRL','198974501709414401', 26500,'711633694422597722',47000,'653594627097493524',9000,'159371527115112448',37500,'665504390181945344'),
('OldIrlGame0128','IRL','198974501709414401', -5900,'711633694422597722',30700,'653594627097493524',12900,'159371527115112448',82300,'665504390181945344'),
('OldIrlGame0129','IRL','198974501709414401', 37400,'711633694422597722',14500,'653594627097493524',23200,'159371527115112448',44900,'665504390181945344'),
('OldIrlGame0130','IRL','85106441727266816', 32300,'396784421899862016',47500,'Toto',11900,'159371527115112448',28300,'665504390181945344'),
('OldIrlGame0131','IRL','85106441727266816', 28900,'396784421899862016',20600,'Toto',17600,'159371527115112448',52900,'665504390181945344'),
('OldIrlGame0132','IRL','85106441727266816', 10000,'396784421899862016',18700,'Toto',27700,'159371527115112448',63600,'665504390181945344'),
('OldIrlGame0133','IRL','85106441727266816', 53800,'396784421899862016',-19800,'Toto',50500,'159371527115112448',35500,'665504390181945344'),
('OldIrlGame0134','IRL','85106441727266816', 14300,'396784421899862016',42900,'Toto',24900,'159371527115112448',37900,'665504390181945344'),
('OldIrlGame0135','IRL','85106441727266816', 21900,'396784421899862016',49300,'Toto',22600,'159371527115112448',26200,'665504390181945344'),
('OldIrlGame0136','IRL','396784421899862016', 33100,'313630052560666626',31400,'711633694422597722',56500,'653594627097493524',-1000,'665504390181945344'),
('OldIrlGame0137','IRL','396784421899862016', 28000,'313630052560666626',36900,'142754651673067520',25600,'653594627097493524',29500,'665504390181945344'),
('OldIrlGame0138','IRL','313630052560666626', 25000,'711633694422597722',56400,'142754651673067520',-6400,'653594627097493524',45000,'665504390181945344'),
('OldIrlGame0139','IRL','396784421899862016', 50300,'313630052560666626',32500,'711633694422597722',38700,'142754651673067520',-1500,'665504390181945344'),
('OldIrlGame0140','IRL','313630052560666626', 48300,'181826452545732608',33500,'907793366132088842',57400,'997944871966998578',-19200,'665504390181945344'),
('OldIrlGame0141','IRL','396784421899862016', 46100,'340556805090443264',1100,'142754651673067520',30600,'232938899574489098',42200,'665504390181945344'),
('OldIrlGame0142','IRL','313630052560666626', 37500,'340556805090443264',67500,'907793366132088842',6700,'232938899574489098',8300,'665504390181945344'),
('OldIrlGame0143','IRL','396784421899862016', 42400,'142754651673067520',30400,'181826452545732608',22600,'997944871966998578',24600,'665504390181945344'),
('OldIrlGame0144','IRL','396784421899862016', 43100,'313630052560666626',24900,'340556805090443264',36500,'997944871966998578',15500,'665504390181945344'),
('OldIrlGame0145','IRL','142754651673067520', 38600,'181826452545732608',45800,'907793366132088842',31700,'232938899574489098',3900,'665504390181945344'),
('OldIrlGame0146','IRL','313630052560666626', 26100,'396784421899862016',33900,'142754651673067520',38200,'997944871966998578',21800,'665504390181945344'),
('OldIrlGame0147','IRL','313630052560666626', 45400,'396784421899862016',48600,'142754651673067520',14500,'997944871966998578',11500,'665504390181945344'),
('OldIrlGame0148','IRL','313630052560666626', 43100,'396784421899862016',24600,'142754651673067520',21500,'997944871966998578',30800,'665504390181945344'),
('OldIrlGame0149','IRL','313630052560666626', 28600,'396784421899862016',26100,'142754651673067520',33600,'997944871966998578',31700,'665504390181945344'),
('OldIrlGame0150','IRL','340556805090443264', 72700,'198974501709414401',18500,'997944871966998578',24600,'396784421899862016',4200,'665504390181945344'),
('OldIrlGame0151','IRL','653594627097493524', 25000,'313630052560666626',36100,'135086552907907072',35500,'181826452545732608',23400,'665504390181945344'),
('OldIrlGame0152','IRL','198974501709414401', 48300,'135086552907907072',3500,'181826452545732608',41600,'396784421899862016',26600,'665504390181945344'),
('OldIrlGame0153','IRL','340556805090443264', 67250,'653594627097493524',22350,'313630052560666626',4550,'997944871966998578',25850,'665504390181945344'),
('OldIrlGame0154','IRL','198974501709414401', 30800,'653594627097493524',42800,'181826452545732608',24200,'997944871966998578',22200,'665504390181945344'),
('OldIrlGame0155','IRL','340556805090443264', 31500,'313630052560666626',35500,'135086552907907072',37500,'396784421899862016',15500,'665504390181945344'),
('OldIrlGame0156','IRL','711633694422597722', 64800,'142754651673067520',21900,'313630052560666626',32100,'997944871966998578',1200,'665504390181945344'),
('OldIrlGame0157','IRL','711633694422597722', 22600,'142754651673067520',55200,'313630052560666626',27200,'997944871966998578',15000,'665504390181945344'),
('OldIrlGame0158','IRL','198974501709414401', 66800,'907793366132088842',36700,'711633694422597722',4200,'Romain',12300,'665504390181945344'),
('OldIrlGame0159','IRL','Oscar', 44500,'Kevin',27100,'142754651673067520',19300,'396784421899862016',29100,'665504390181945344'),
('OldIrlGame0160','IRL','198974501709414401', 28975,'711633694422597722',58875,'Kevin',27275,'396784421899862016',4875,'665504390181945344'),
('OldIrlGame0161','IRL','142754651673067520', 17875,'Zoe',47175,'396784421899862016',34575,'Bogdan',20375,'665504390181945344'),
('OldIrlGame0162','IRL','142754651673067520', 24400,'396784421899862016',23400,'Bogdan',45300,'997944871966998578',26900,'665504390181945344'),
('OldIrlGame0163','IRL','142754651673067520', 52900,'Zoe',21900,'396784421899862016',11900,'997944871966998578',33300,'665504390181945344'),
('OldIrlGame0164','IRL','142754651673067520', 14300,'198974501709414401',50200,'Bogdan',29300,'997944871966998578',26200,'665504390181945344'),
('OldIrlGame0165','IRL','142754651673067520', 29950,'997944871966998578',29350,'907793366132088842',9750,'159371527115112448',50950,'665504390181945344'),
('OldIrlGame0166','IRL','997944871966998578', 10500,'396784421899862016',51700,'907793366132088842',44200,'159371527115112448',13600,'665504390181945344'),
('OldIrlGame0167','IRL','142754651673067520', 56400,'396784421899862016',22200,'907793366132088842',20500,'159371527115112448',20900,'665504390181945344'),
('OldIrlGame0168','IRL','142754651673067520', 26900,'997944871966998578',37100,'907793366132088842',28800,'159371527115112448',27200,'665504390181945344'),
('OldIrlGame0169','IRL','181826452545732608', 55200,'232938899574489098',38400,'396784421899862016',-8700,'340556805090443264',35100,'665504390181945344'),
('OldIrlGame0170','IRL','997944871966998578', 25800,'Chaolei',22700,'396784421899862016',40600,'Adeline',30900,'665504390181945344'),
('OldIrlGame0171','IRL','181826452545732608', 33700,'232938899574489098',47000,'907793366132088842',14200,'171745289764339712',25100,'665504390181945344'),
('OldIrlGame0172','IRL','181826452545732608', 29400,'171745289764339712',19500,'396784421899862016',34300,'Chaolei',36800,'665504390181945344'),
('OldIrlGame0173','IRL','907793366132088842', 33100,'232938899574489098',23000,'997944871966998578',36200,'396784421899862016',27700,'665504390181945344') ON CONFLICT DO NOTHING;
