INSERT INTO DiscordUser (Id) VALUES
('396784421899862016'),
('313630052560666626'),
('711633694422597722'),
('653594627097493524'),
('142754651673067520'),
('181826452545732608'),
('907793366132088842'),
('997944871966998578'),
('340556805090443264'),
('232938899574489098'),
('198974501709414401'),
('135086552907907072'),
('Romain'),
('Oscar'),
('Kevin'),
('Zoe'),
('Bogdan'),
('159371527115112448'),
('Chaolei'),
('Adeline'),
('171745289764339712') ON CONFLICT DO NOTHING;
INSERT INTO ServerUser (userId, serverId, isAdmin) VALUES
('396784421899862016','665504390181945344',false),
('313630052560666626','665504390181945344',false),
('711633694422597722','665504390181945344',false),
('653594627097493524','665504390181945344',false),
('142754651673067520','665504390181945344',false),
('181826452545732608','665504390181945344',false),
('907793366132088842','665504390181945344',false),
('997944871966998578','665504390181945344',false),
('340556805090443264','665504390181945344',false),
('232938899574489098','665504390181945344',false),
('198974501709414401','665504390181945344',false),
('135086552907907072','665504390181945344',false),
('Romain','665504390181945344',false),
('Oscar','665504390181945344',false),
('Kevin','665504390181945344',false),
('Zoe','665504390181945344',false),
('Bogdan','665504390181945344',false),
('159371527115112448','665504390181945344',false),
('Chaolei','665504390181945344',false),
('Adeline','665504390181945344',false),
('171745289764339712','665504390181945344',false) ON CONFLICT DO NOTHING;
INSERT INTO Game (Id,platform,user1Id,user1Score,user2Id,user2Score,user3Id,user3Score,user4Id,user4Score, serverId) VALUES
('OldIrlGame1','IRL','396784421899862016', 33100,'313630052560666626',31400,'711633694422597722',56500,'653594627097493524',-1000,'665504390181945344'),
('OldIrlGame2','IRL','396784421899862016', 28000,'313630052560666626',36900,'142754651673067520',25600,'653594627097493524',29500,'665504390181945344'),
('OldIrlGame3','IRL','313630052560666626', 25000,'711633694422597722',56400,'142754651673067520',-6400,'653594627097493524',45000,'665504390181945344'),
('OldIrlGame4','IRL','396784421899862016', 50300,'313630052560666626',32500,'711633694422597722',38700,'142754651673067520',-1500,'665504390181945344'),
('OldIrlGame5','IRL','313630052560666626', 48300,'181826452545732608',33500,'907793366132088842',57400,'997944871966998578',-19200,'665504390181945344'),
('OldIrlGame6','IRL','396784421899862016', 46100,'340556805090443264',1100,'142754651673067520',30600,'232938899574489098',42200,'665504390181945344'),
('OldIrlGame7','IRL','313630052560666626', 37500,'340556805090443264',67500,'907793366132088842',6700,'232938899574489098',8300,'665504390181945344'),
('OldIrlGame8','IRL','396784421899862016', 42400,'142754651673067520',30400,'181826452545732608',22600,'997944871966998578',24600,'665504390181945344'),
('OldIrlGame9','IRL','396784421899862016', 43100,'313630052560666626',24900,'340556805090443264',36500,'997944871966998578',15500,'665504390181945344'),
('OldIrlGame10','IRL','142754651673067520', 38600,'181826452545732608',45800,'907793366132088842',31700,'232938899574489098',3900,'665504390181945344'),
('OldIrlGame11','IRL','313630052560666626', 26100,'396784421899862016',33900,'142754651673067520',38200,'997944871966998578',21800,'665504390181945344'),
('OldIrlGame12','IRL','313630052560666626', 45400,'396784421899862016',48600,'142754651673067520',14500,'997944871966998578',11500,'665504390181945344'),
('OldIrlGame13','IRL','313630052560666626', 43100,'396784421899862016',24600,'142754651673067520',21500,'997944871966998578',30800,'665504390181945344'),
('OldIrlGame14','IRL','313630052560666626', 28600,'396784421899862016',26100,'142754651673067520',33600,'997944871966998578',31700,'665504390181945344'),
('OldIrlGame15','IRL','340556805090443264', 72700,'198974501709414401',18500,'997944871966998578',24600,'396784421899862016',4200,'665504390181945344'),
('OldIrlGame16','IRL','653594627097493524', 25000,'313630052560666626',36100,'135086552907907072',35500,'181826452545732608',23400,'665504390181945344'),
('OldIrlGame17','IRL','198974501709414401', 48300,'135086552907907072',3500,'181826452545732608',41600,'396784421899862016',26600,'665504390181945344'),
('OldIrlGame18','IRL','340556805090443264', 64099,'653594627097493524',19200,'313630052560666626',14000,'997944871966998578',22700,'665504390181945344'),
('OldIrlGame19','IRL','198974501709414401', 30800,'653594627097493524',42800,'181826452545732608',24200,'997944871966998578',22200,'665504390181945344'),
('OldIrlGame20','IRL','340556805090443264', 31500,'313630052560666626',35500,'135086552907907072',37500,'396784421899862016',15500,'665504390181945344'),
('OldIrlGame21','IRL','711633694422597722', 64800,'142754651673067520',21900,'313630052560666626',32100,'997944871966998578',1200,'665504390181945344'),
('OldIrlGame22','IRL','711633694422597722', 22600,'142754651673067520',55200,'313630052560666626',27200,'997944871966998578',15000,'665504390181945344'),
('OldIrlGame23','IRL','198974501709414401', 66800,'907793366132088842',36700,'711633694422597722',4200,'Romain',12300,'665504390181945344'),
('OldIrlGame24','IRL','Oscar', 44500,'Kevin',27100,'142754651673067520',19300,'396784421899862016',29100,'665504390181945344'),
('OldIrlGame25','IRL','198974501709414401', 25600,'711633694422597722',55500,'Kevin',23900,'396784421899862016',15000,'665504390181945344'),
('OldIrlGame26','IRL','142754651673067520', 55000,'Zoe',34800,'396784421899862016',22200,'Bogdan',8000,'665504390181945344'),
('OldIrlGame27','IRL','142754651673067520', 24400,'396784421899862016',23400,'Bogdan',45300,'997944871966998578',26900,'665504390181945344'),
('OldIrlGame28','IRL','142754651673067520', 52900,'Zoe',21900,'396784421899862016',11900,'997944871966998578',33300,'665504390181945344'),
('OldIrlGame29','IRL','142754651673067520', 14300,'198974501709414401',50200,'Bogdan',29300,'997944871966998578',26200,'665504390181945344'),
('OldIrlGame30','IRL','142754651673067520', 23200,'997944871966998578',22600,'907793366132088842',30000,'159371527115112448',44200,'665504390181945344'),
('OldIrlGame31','IRL','997944871966998578', 10500,'396784421899862016',51700,'907793366132088842',44200,'159371527115112448',13600,'665504390181945344'),
('OldIrlGame32','IRL','142754651673067520', 56400,'396784421899862016',22200,'907793366132088842',20500,'159371527115112448',20900,'665504390181945344'),
('OldIrlGame33','IRL','142754651673067520', 26900,'997944871966998578',37100,'907793366132088842',28800,'159371527115112448',27200,'665504390181945344'),
('OldIrlGame34','IRL','181826452545732608', 55200,'232938899574489098',38400,'396784421899862016',-8700,'340556805090443264',35100,'665504390181945344'),
('OldIrlGame35','IRL','997944871966998578', 25800,'Chaolei',22700,'396784421899862016',40600,'Adeline',30900,'665504390181945344'),
('OldIrlGame36','IRL','181826452545732608', 33700,'232938899574489098',47000,'907793366132088842',14200,'171745289764339712',25100,'665504390181945344'),
('OldIrlGame37','IRL','181826452545732608', 29400,'171745289764339712',19500,'396784421899862016',34300,'Chaolei',36800,'665504390181945344'),
('OldIrlGame38','IRL','907793366132088842', 33100,'232938899574489098',23000,'997944871966998578',36200,'396784421899862016',27700,'665504390181945344') ON CONFLICT DO NOTHING;
